First Name,Last Name,M/R,Prepaid and expiration,Total Paid,Monthly Paid,
,,,,,,
Bryce,Gutierrez,M/R,1 year Prepaid Expires 7/31/2026,"$4,212.00 ",$351.00 ,
Layla,Li,R,1 year Prepaid Expires 7/31/2026,"$2,052.00 ",$171.00 ,
Kayden,Li,R,1 year Prepaid Expires 7/31/2026,"$2,052.00 ",$171.00 ,
Abby,To,M/R,1 year Prepaid Expires 7/31/2026,"$4,320.00 ",$360.00 ,
Owen,Hung,M/R,1 year Prepaid Expires 7/31/2026,"$3,885.00 ",$323.75 ,
Ella,Hung,M,1 year Prepaid Expires 7/31/2026,"$1,942.00 ",$161.00 ,
Emme,Hung,M/R,1 year Prepaid Expires 7/31/2026,"$3,885.00 ",$323.75 ,
Josie,Swenerton,M/R,1 year Prepaid Expires 7/31/2026,"$3,908.00 ",$325.67 ,
Catalina,Swenerton,M,1 year Prepaid Expires 7/31/2026,"$1,954.00 ",$162.00 ,
Jayden,To,M/R,1 year Prepaid Expires 7/31/2026,"$4,320.00 ",$360.00 ,
Evie,Le,M/R,1 year Prepaid Expires 7/31/2026,"$3,960.00 ",$330.00 ,
Mia,Le,M/R,1 year Prepaid Expires 7/31/2026,"$3,960.00 ",$330.00 ,
Emily,Pineda,M,1 year Prepaid Expires 7/31/2026,"$2,106.00 ",$175.50 ,
Josephine,Song,M,1 year Prepaid Expires 7/31/2026,"$1,998.00 ",$166.50 ,
Benjamin,Song,M/R,1 year Prepaid Expires 7/31/2026,"$3,996.00 ",$333.00 ,
Ethan,Yee,M,1 year Prepaid Expires 7/31/2026,"$1,998.00 ",$166.00 ,
Sebastian,Chapa,M/R,1 year Prepaid Expires 7/31/2026,"$3,996.00 ",$333.00 ,
Samantha,Chapa,M/R,1 year Prepaid Expires 7/31/2026,"$3,996.00 ",$333.00 ,
Edison,Li,M,1 year Prepaid Expires 7/31/2026,"$2,106.00 ",$175.00 ,
Ameera,D'Amato,M,1 year Prepaid Expires 7/31/2026,"$1,998.00 ",$166.50 ,
Nathan,Foon,M,1 year Prepaid / 6 month math Expires 7/31/2026,"$2,052.00 ",$171.00 ,
Amanda,Baquiran,M/R,1 year Prepaid Expires 7/31/2026,"$4,212.00 ",$351.00 ,
Elias,Baquiran,M/R,1 year Prepaid Expires 7/31/2026,"$4,212.00 ",$351.00 ,
Tobias,Quan,M/R,1 year Prepaid Expires 7/31/2026,"$4,212.00 ",$351.00 ,
Zachary,Ng,M/R,1 year Prepaid Expires 7/31/2026,"$4,212.00 ",$351.00 ,
Ren,Curtin,M/R,1 year Prepaid Expires 7/31/2026,"$4,212.00 ",$351.00 ,
Charlize,Sumerlin,M/R,1 year Prepaid Expires 7/31/2026,"$4,320.00 ",$360.00 ,
Nathan,Lau,M/R,1 year Prepaid Expires 7/31/2026,"$3,822.00 ",$347.00 ,
Evan,Chan,M,1 year Prepaid Expires 7/31/2026,"$2,324.00 ",$193.00 ,
Evan,Doan,M/R,1 year Prepaid Expires 7/31/2026,"$4,212.00 ",$351.00 ,
Raela,Mitarai,M,1 year Prepaid Expires 7/31/2026,"$2,106.00 ",$175.00 ,
Madison,Thompson,M/R,1 year Prepaid Expires 7/31/2026,"$4,212.00 ",$351.00 ,
Penelope, Thompson,M/R,1 year Prepaid Expires 7/31/2026,"$4,212.00 ",$351.00 ,
Jeremiah,Gatchalian,R,1 year Prepaid Expires 7/31/2026,"$2,322.00 ",$193.00 ,
Tiffany,Liang,M/R,1 year Prepaid Expires 7/31/2026,"$4,428.00 ",$369.00 ,
Matthew,Tong,M,1 year Prepaid Expires 7/31/2026,"$2,214.00 ",$185.00 ,
Carrie,Lee,M/R,1 year Prepaid Expires 7/31/2026,"$4,212.00 ",$351.00 ,
Ysabel,Pineda,R,1 year Prepaid Expires 7/31/2026,"$2,214.00 ",$185.00 ,
,,,,,,
,,,,,,"$10,554.00 "
Cherish,Wong,M,6 months Prepaid Expires 7/31/2026,"$1,111.00 ",$185.00 ,
Chestina,Wong,R,6 months Prepaid Expires 7/31/2026,"$1,111.00 ",$185.00 ,
Samurai,Salangsang,M,6 months Prepaid Expires 7/31/2026,"$1,168.00 ",$194.67 ,
Zen,Etzler,R,6 months Prepaid Expires 7/31/2026,"$1,083.00 ",$180.50 ,
Lorenzo,Wong,M,6 months Prepaid Expires 7/31/2026,"$1,111.00 ",$185.00 ,
,,,,,,930
,,,Total Prepaid monthly,,"$11,484.00 ",
