First Name,Last Name
Abby,To
Abriella,Loza
Aiden,Hung
Aiden,Viray
Aiden,Ho
Aiden Harry,Ostrea
Aj,Baetiong
Alexander,Wong
Alexander,Escobar
Alisa,Irwin
Allana Marie,Baetiong
Allen,Bautista
Allen,Aung
Alyssa,Voravong
Amanda,Baquiran
Amari,Gustave
Amari Faith,Manugue
Ameera,D'Amato
Amy,Aung
Ana,Martins Moreno
Angelina,Valerio
Angelo,Santos
Anh,Do
Anika,Yu
Antonino,D'Amato
Antonio,Maxwell
Antonio,Sanchez
Apple,Garcia
Aria,Alvendia
August,Dizon
Aung,Lin
Avery,Aung
Avery,Huang
Avery,Lu
Avery,Maxwell
Ayden,Arora
Ayva,Arora
Azarah,Ancheta
Bernice,Chan
Blake,Bordon
Blynthe,Pamorada
Brady,Fong
Brody,Fong
Bryan,Huang
Bryce,Gutierrez
Brynzen,Soriano
Calliope,Papin
Carrie,Lee
Casey,Lee
Cassius,Tay
Catalina,Swenerton
Cecilia,Chan
Celine,Allen
Charles,Aung
Charlize,Sumerlin
Cherish,Wong
Chestina,Wong
Chloe,Iwan
Christopher Joseph,Yuen
Cj Salvador,Aguas
Cody,Chow
Darius,Sai
Darren,Pan
Darya,Krayzbukh
David,Huang
Dean,Enriquez
Desiree,Restauro
Dominic,Nguyen
Drake,Dela Pena
Dylan,Lee
Ean,Sum
Edison,Li
Eli Shane,Larosa
Eliana,Irwin
Elias,Baquiran
Elijah,Gustave
Elizabeth,Myo
Elizabeth,Min
Elizah,Pardilla
Ella,Hung
Ella Kingsley,Menchavez
Ellia,Rapada
Elliana,Tang
Elyse Ann,Gomez
Emilio,Carcamo
Emily,Voravong
Emily,Ramos
Emily Paige,Pineda
Emma,Quinones
Emmanuel,Frani
Emme,Hung
Enzo,Guevara
Enzo Enrique,Larosa
Enzo Kaden,Menchavez
Ethan,Luong
Ethan,Yee
Evan,Delavega
Evan,Chan
Evan,Doan
Evelyn,Huang
Evie,Le
Evolett,Izazaga
Felix,Liu
Felix,Wong
Gabriel,Belkheiri
Gavin,Rivera
George,Bonini
Gianna,Prasad
Gladstinia,Lewis
Graciela Therese,Abaroa
Graciousveer,Brar
Haniya,Fatourehchi
Harper,Sy
Hunter,Lozano
Ines,Lauro
Isaac,Magno
Ismael,Orozco
Izaac,Cardenas
Jacob,Luena
Jacob,Hernandez
Jacob,Ogawa
Jacob,Seymore
Jacob,Sevilla
Jaden,Manalastas
Jaenna Rose,Aragona
Jaiden,Ramat
James,Romero
Jameson,Toribio
Jamilyn,Garcia
Janice,Liu
Jayden,To
Jayden,Varilla
Jayden,Ma
Jayden,Enriquez
Jayvie,Varilla
Jensen,Alvarez
Jeremiah,Yapo
Jeremiah,Gatchalian
Jeremy,Bauer
Jeremy,Cheng
Jeremy,Manalastas
Jesse,Maldonado
Jobe,Sevilla
Jocelyn,Chiu
Johann,Eckhart
Jolie,Davis
Josella,Rapada
Josie,Swenerton
Julian,Martin
Justinia,Lewis
Jyraine,Pamorada
Kai,Enriquez
Kaimanu,Rangel
Kaitlyn,Wong
Kayden,Li
Kayden Chun him,Xie
Kayla,Iwan
Kayla,Choi
Kevin,Sangkhan
Khaleesi,Diaz
Kyle Cameron,Boone
Kylee,Huang
Kylo Nathan,Manila
Laina Mae,Dantes
Layla,Li
Leena,Kambara
Leila,Maxwell
Liam,Lee
Liam,Trang
Lidiia,Okuneva
Lillian,Nan
Lincoln,Chiu
London,Dizon
Lorenzo,Wong
Lorenzo,Linco
Louis,Ertle
Louisa,Bustos
Lucas,Baluyut
Lucas,Dantes
Macey,Flores
Macie,Mendoza
Maddox,Lee
Madison,Ramirez
Madison,Thompson
Maia,Olivas
Marcus,Pon
Mariah ihvex,Baniqued
Markel,Flores
Mary,Gallagher
Marz,Stewart
Mason,Lee
Mason,Cahill
Matthew,Tong
Maxwell,Bong
Meghan,Samaniego
Meilani,Wong
Meleane,Latu
Melissa,Em
Mia,Le
Michael,Tilly
Mikaela Rose,Espino
Miles,Choi
Moses,Frisby
Myles,Diaz
Nadi,Aung
Nadia,Krayzbukh
Natanya,Feigelman
Nathan,Foon
Nathan,Lau
Nicholas,Kwong
Noah Artamiel,Gonzales
Noel,Tran
Noel Benjamin,Jakosalem
Owen,Hung
Owen,Aguiluz
Paul,Bautista
Penelope,Thompson
Pia Bernice,Pangilinan
Primm,Enano
Princess Zoey,Agus
Rachel,Torres
Raela,Mitarai
Rafael,Capina
Raul,Izazaga
Ravenn,Cruz
Raya,Ateyeh
Reagan,Fong
Ren,Curtin
Ren,Duong
Rianna,Delos santos
Riley,George
Riley,Erskine
Riley Ken,Ignacio
Rion,Garlitos
Robert,Bataan
Ruksana,Dismore
Ryder,Sy
Saiya,Amin
Salma,Abdelkarem
Samantha,Chapa
Samurai,Salangsang
Scarlett,Kom
Sean,Knudsen
Sebastian,Chapa
Seth Marie,Blundell
Shantino,Mendoza
Sherleen Kate,Guevara
Sidney,Ma
Sophia,Bordon
Sophia,Leiva
Sophia Isabel,Hernandez
Stephen Andrei,Yapo
Steven,Hwang
Talia,Yu
Talyn,Songsiriruk
Tiffany,Zhang
Tiffany,Liang
Timothy,Yapo
Tobias,Quan
Uriah,Damasen
Vera,Duong
Victor,Chen
Victoria,Kermode
Wesley,Hooper
William,Montgomery
Ysabel,Pineda
Zachary,Ng
Zen,Etzler
Zita,Bonini
Zoe,Nguyen
Zoe,Samaniego
Zoe,Chin